
INSERT INTO `machines` (`id`, `name`, `status`, `brand`, `model`, `dimensions`, `notes`, `is_deactivated`, `updatedby_id`, `created_at`, `updated_at`) VALUES
(1, 'Laser Cutter 1', 1, NULL, NULL, NULL, NULL, 0, 1, '2020-04-12 16:56:51', '2020-04-12 16:56:51'),
(2, 'Large Format Printer', 1, NULL, NULL, NULL, NULL, 0, 1, '2020-04-12 16:57:10', '2020-04-12 16:57:10'),
(3, '3D Printer', 1, NULL, NULL, NULL, NULL, 0, 1, '2020-04-12 16:57:23', '2020-04-12 16:57:23'),
(4, 'Desktop CNC Milling', 1, NULL, NULL, NULL, NULL, 0, 1, '2020-04-12 16:59:58', '2020-04-12 16:59:58'),
(5, 'Large CNC Milling', 1, NULL, NULL, NULL, NULL, 0, 1, '2020-04-12 17:00:09', '2020-04-12 17:00:09'),
(6, 'Vinyl Cutter', 1, NULL, NULL, NULL, NULL, 0, 1, '2020-04-12 17:00:40', '2020-04-12 17:00:40'),
(7, 'Laser Cutter 2', 1, NULL, NULL, NULL, NULL, 0, 1, '2020-04-12 17:01:11', '2020-04-12 17:01:11');

-- --------------------------------------------------------

INSERT INTO `machines_services` (`id`, `machines_id`, `services_id`) VALUES
(1, 1, 1),
(2, 7, 1),
(3, 2, 2),
(4, 3, 3),
(5, 4, 4),
(6, 5, 5),
(7, 6, 6);

-- --------------------------------------------------------

INSERT INTO `services` (`id`, `name`, `unit`, `servcats_id`, `servicesrates_id`, `is_deactivated`, `machines_id`, `updatedby_id`, `created_at`, `updated_at`) VALUES
(1, 'Laser Cutting', 'min.', 1, 1, 0, 1, 1, '2020-04-12 16:55:03', '2020-04-12 17:04:43'),
(2, 'Large Format Printing', 'sq. ft.', 1, 2, 0, 2, 1, '2020-04-12 17:02:58', '2020-04-12 17:02:58'),
(3, '3D Printing', 'min.', 1, 3, 0, 3, 1, '2020-04-12 17:03:31', '2020-04-12 17:03:32'),
(4, 'Desktop CNC', 'hr.', 1, 4, 0, 4, 1, '2020-04-12 17:04:07', '2020-04-12 17:04:07'),
(5, 'Large CNC', 'hr.', 1, 5, 0, 5, 1, '2020-04-12 17:04:32', '2020-04-12 17:04:32'),
(6, 'Vinyl Cutting', 'min.', 1, 6, 0, 6, 1, '2020-04-12 17:05:31', '2020-04-12 17:05:31'),
(7, 'Conference Room A', 'hr.', 4, 7, 0, 0, 1, '2020-04-12 17:07:17', '2020-04-12 17:07:29'),
(8, 'Conference Room A (with Computer Use)', 'hr.', 4, 8, 0, 0, 1, '2020-04-12 17:08:15', '2020-04-12 17:11:09'),
(9, 'Conference Room B', 'hr.', 4, 9, 0, 0, 1, '2020-04-12 17:08:41', '2020-04-12 17:08:41');

-- --------------------------------------------------------

INSERT INTO `servicesrates` (`id`, `services_id`, `def_price`, `up_price`, `updatedby_id`, `created_at`, `updated_at`) VALUES
(1, 1, '15.0000', '10.0000', 1, '2020-04-12 16:55:03', '2020-04-12 16:55:03'),
(2, 2, '85.0000', '80.0000', 1, '2020-04-12 17:02:58', '2020-04-12 17:02:58'),
(3, 3, '4.0000', '3.5000', 1, '2020-04-12 17:03:31', '2020-04-12 17:03:31'),
(4, 4, '180.0000', '100.0000', 1, '2020-04-12 17:04:07', '2020-04-12 17:04:07'),
(5, 5, '270.0000', '210.0000', 1, '2020-04-12 17:04:32', '2020-04-12 17:04:32'),
(6, 6, '3.0000', '2.0000', 1, '2020-04-12 17:05:31', '2020-04-12 17:05:31'),
(7, 7, '350.0000', '350.0000', 1, '2020-04-12 17:07:17', '2020-04-12 17:07:17'),
(8, 8, '450.0000', '450.0000', 1, '2020-04-12 17:08:15', '2020-04-12 17:08:15'),
(9, 9, '200.0000', '200.0000', 1, '2020-04-12 17:08:41', '2020-04-12 17:08:41');
